{"cameraMode":{"drawMode":0,"name":"Shaded","section":"Shading Mode"},"sceneLighting":true,"audioPlay":false,"sceneViewState":{"m_AlwaysRefresh":false,"showFog":true,"showSkybox":true,"showFlares":true,"showImageEffects":true,"showParticleSystems":true,"showVisualEffectGraphs":true,"m_FxEnabled":true},"in2DMode":false,"pivot":{"x":31.825040817260743,"y":2.0178864002227785,"z":16.96636390686035},"rotation":{"x":-0.05636705458164215,"y":-0.4682464301586151,"z":0.029998276382684709,"w":-0.8812605142593384},"size":17.317142486572267,"orthographic":false}