{"cameraMode":{"drawMode":0,"name":"Shaded","section":"Shading Mode"},"sceneLighting":true,"audioPlay":false,"sceneViewState":{"m_AlwaysRefresh":false,"showFog":true,"showSkybox":true,"showFlares":true,"showImageEffects":true,"showParticleSystems":true,"showVisualEffectGraphs":true,"m_FxEnabled":true},"in2DMode":false,"pivot":{"x":6.4290995597839359,"y":0.7823295593261719,"z":-1.7124519348144532},"rotation":{"x":0.014307084493339062,"y":-0.93210768699646,"z":0.3601323068141937,"w":0.03692729026079178},"size":8.153684616088868,"orthographic":false}