{"cameraMode":{"drawMode":0,"name":"Shaded","section":"Shading Mode"},"sceneLighting":true,"audioPlay":false,"sceneViewState":{"m_AlwaysRefresh":false,"showFog":true,"showSkybox":true,"showFlares":true,"showImageEffects":true,"showParticleSystems":true,"showVisualEffectGraphs":true,"m_FxEnabled":true},"in2DMode":false,"pivot":{"x":1639.2947998046875,"y":-259.3456115722656,"z":0.29015088081359866},"rotation":{"x":-0.05858328565955162,"y":-0.7990993857383728,"z":0.07884763926267624,"w":-0.5929555296897888},"size":729.2349853515625,"orthographic":false}