{"cameraMode":{"drawMode":0,"name":"Shaded","section":"Shading Mode"},"sceneLighting":true,"audioPlay":false,"sceneViewState":{"m_AlwaysRefresh":false,"showFog":true,"showSkybox":true,"showFlares":true,"showImageEffects":true,"showParticleSystems":true,"showVisualEffectGraphs":true,"m_FxEnabled":true},"in2DMode":false,"pivot":{"x":21.036664962768556,"y":-1.4926774501800538,"z":39.86756134033203},"rotation":{"x":-0.029013488441705705,"y":-0.3717226982116699,"z":0.011473670601844788,"w":-0.9279367327690125},"size":20.68043327331543,"orthographic":false}