{"cameraMode":{"drawMode":0,"name":"Shaded","section":"Shading Mode"},"sceneLighting":true,"audioPlay":false,"sceneViewState":{"m_AlwaysRefresh":false,"showFog":true,"showSkybox":true,"showFlares":true,"showImageEffects":true,"showParticleSystems":true,"showVisualEffectGraphs":true,"m_FxEnabled":true},"in2DMode":false,"pivot":{"x":1.5450100898742676,"y":0.6209293603897095,"z":-0.05337216332554817},"rotation":{"x":-0.15451547503471375,"y":0.06131821870803833,"z":-0.009625471197068692,"w":-0.9862301349639893},"size":4.767298221588135,"orthographic":false}