{"cameraMode":{"drawMode":0,"name":"Shaded","section":"Shading Mode"},"sceneLighting":true,"audioPlay":false,"sceneViewState":{"m_AlwaysRefresh":false,"showFog":true,"showSkybox":true,"showFlares":true,"showImageEffects":true,"showParticleSystems":true,"showVisualEffectGraphs":true,"m_FxEnabled":true},"in2DMode":false,"pivot":{"x":0.16074752807617188,"y":2.0525383949279787,"z":-3.386246681213379},"rotation":{"x":0.1233968734741211,"y":0.527896523475647,"z":-0.07782389223575592,"w":0.8367834687232971},"size":11.027523040771485,"orthographic":false}